usuario,mensaje,likes
joan88,La Universidad de Zaragoza es un lugar donde la tradición se une con la innovación. Sus programas académicos de excelencia y su compromiso con la investigación la convierten en un referente en el mundo académico. #Unizar #ExcelenciaUniversitaria,244
cole48,"En la Universidad de Granada no solo encuentro una educación de calidad, sino también un entorno acogedor que fomenta el desarrollo personal. Desde las tapas en el Albaicín hasta las clases en el campus, cada momento es un regalo. #UGR #UniversidadDeCercanía",245
prattgarrett,"La Universidad de Valencia tiene una ubicación privilegiada, pero la falta de inversión en infraestructuras y espacios de estudio es evidente. Necesitan mejorar las instalaciones para los estudiantes. #UV #InfraestructuraDeficiente",55
lindataylor,"La Universidad de Sevilla se jacta de su prestigio, pero la falta de actualización en los planes de estudio y la falta de flexibilidad curricular son decepcionantes. #UniversidadDeSevilla #FaltaDeInnovación",213
lmartinez,La Universidad de Deusto es un lugar donde la excelencia académica se une con los valores humanos. Su enfoque en la formación integral y la responsabilidad social la convierten en una institución ejemplar. #Deusto #EducaciónConValores,221
sarahnicholson,"La Universidad de Alcalá es una joya del Renacimiento. Sus edificios históricos, su atmósfera inspiradora y su comunidad universitaria enérgica la convierten en un lugar único para aprender y crecer. #UAH #HerenciaCultural",110
samuelfowler,"En la Universidad del País Vasco, el conocimiento se entrelaza con la diversidad cultural. Sus programas bilingües, la calidad de su educación y el ambiente enérgico y multicultural hacen que estudiar aquí sea una experiencia enriquecedora. #UPV #DiversidadUniversitaria",32
kristen60,"Estudiar en la Universidad Autónoma de Barcelona es un sueño hecho realidad. Sus programas de investigación de vanguardia, el ambiente cosmopolita y el espíritu innovador hacen que cada día sea una oportunidad para crecer y brillar. #UABarcelona #VidaUniversitariaFeliz",874
vray,"La Universidad de Murcia es un espacio de aprendizaje vibrante y diverso. Sus instalaciones modernas, la calidad de sus programas y el ambiente estudiantil amigable la convierten en un lugar ideal para crecer tanto académica como personalmente. #UMU #DiversidadUniversitaria",217
glennmariah,La Universidad de Deusto es un lugar donde la excelencia académica se une con los valores humanos. Su enfoque en la formación integral y la responsabilidad social la convierten en una institución ejemplar. #Deusto #EducaciónConValores,712
moorepatricia,"La Universidad Rey Juan Carlos es un centro de conocimiento en constante evolución. Sus programas innovadores, el apoyo a la investigación y el espíritu emprendedor hacen que estudiar aquí sea una experiencia enriquecedora. #URJC #InnovaciónUniversitaria",922
jessica57,"Estudiar en la Universidad de Valladolid es un privilegio. Su historia milenaria, sus profesores apasionados y la calidad de su educación me inspiran a dar lo mejor de mí mismo cada día. #UVa #PasiónPorElConocimiento",355
rickey58,"La Universidad de Valencia tiene una ubicación privilegiada, pero la falta de inversión en infraestructuras y espacios de estudio es evidente. Necesitan mejorar las instalaciones para los estudiantes. #UV #InfraestructuraDeficiente",624
ymoore,La Universidad de Deusto es un lugar donde la excelencia académica se une con los valores humanos. Su enfoque en la formación integral y la responsabilidad social la convierten en una institución ejemplar. #Deusto #EducaciónConValores,277
ehawkins,La Universidad de Zaragoza es un lugar donde la tradición se une con la innovación. Sus programas académicos de excelencia y su compromiso con la investigación la convierten en un referente en el mundo académico. #Unizar #ExcelenciaUniversitaria,716
alexis79,"Estudiar en la Universidad de Valladolid es un privilegio. Su historia milenaria, sus profesores apasionados y la calidad de su educación me inspiran a dar lo mejor de mí mismo cada día. #UVa #PasiónPorElConocimiento",944
markgonzalez,"En la Universidad de Granada no solo encuentro una educación de calidad, sino también un entorno acogedor que fomenta el desarrollo personal. Desde las tapas en el Albaicín hasta las clases en el campus, cada momento es un regalo. #UGR #UniversidadDeCercanía",133
vcherry,"La Universidad de Málaga tiene una ubicación privilegiada, pero la falta de inversión en recursos tecnológicos y bibliotecarios limita el acceso a materiales de estudio. #UMA #RecursosInsuficientes",87
alexis38,"La Universidad de La Laguna, en las Islas Canarias, combina el encanto de su entorno natural con una educación de calidad. ¡Estudiar aquí es como estar en el paraíso! #ULL #EducaciónEnElAtlántico",70
johncruz,"La Universidad Jaume I es un referente en el ámbito científico y tecnológico. Su compromiso con la investigación, el apoyo al emprendimiento y la conexión con la industria hacen que estudiar aquí sea un trampolín hacia el éxito. #UJI #CienciaYTecnología",767
chadhowell,"En la Universidad de Valencia, el aprendizaje trasciende las aulas. Sus hermosos jardines, las actividades culturales y el espíritu inclusivo hacen que cada día sea una aventura llena de descubrimientos y crecimiento personal. #UV #UniversidadesSinFronteras",444
rhuffman,"En la Universidad de Valencia, el aprendizaje trasciende las aulas. Sus hermosos jardines, las actividades culturales y el espíritu inclusivo hacen que cada día sea una aventura llena de descubrimientos y crecimiento personal. #UV #UniversidadesSinFronteras",439
tiffany43,"La Universidad de Sevilla es un crisol de cultura, historia y conocimiento. Sus campus vibrantes, la rica vida estudiantil y la calidad educativa la convierten en un lugar excepcional para crecer y desarrollarse. #US #VidaUniversitaria",955
evanselizabeth,"En la Universidad de Santiago de Compostela, cada paso se siente como una peregrinación hacia el conocimiento. Su tradición académica, la belleza de sus edificios históricos y el ambiente intelectual me inspiran cada día. #USC #CaminoDelSabio",516
heidi47,"La Universidad de Alcalá es una joya del Renacimiento. Sus edificios históricos, su atmósfera inspiradora y su comunidad universitaria enérgica la convierten en un lugar único para aprender y crecer. #UAH #HerenciaCultural",820
sharon82,"¡La Universidad de Salamanca me tiene totalmente fascinado! Sus siglos de historia, su arquitectura impresionante y su prestigio académico la convierten en un lugar donde aprender se convierte en una experiencia mágica. #MagiaEnSalamanca #OrgulloUniversitario",900
sshea,"La Universidad de Salamanca tiene una gran reputación, pero me decepciona su falta de actualización en los métodos de enseñanza. Esperaba más innovación en el aula. #UniversidadDeSalamanca #Desilusión",21
smitheric,"La Universidad de Málaga tiene una ubicación privilegiada, pero la falta de inversión en recursos tecnológicos y bibliotecarios limita el acceso a materiales de estudio. #UMA #RecursosInsuficientes",220
thomasrobinson,"En la Universidad de Oviedo, el conocimiento se fusiona con la belleza natural de Asturias. Sus programas académicos de excelencia y su espíritu de comunidad hacen que estudiar aquí sea un verdadero privilegio. #UniOvi #ConexiónConLaNaturaleza",5
gonzalesjohn,"La Politécnica de Madrid es una institución de referencia en el ámbito científico y tecnológico. La pasión de los profesores, los laboratorios de última generación y las oportunidades de colaboración con empresas son un trampolín hacia un futuro brillante. #UPM #UniversidadesVanguardistas",8
kwarner,"La Universidad de Valencia tiene una ubicación privilegiada, pero la falta de inversión en infraestructuras y espacios de estudio es evidente. Necesitan mejorar las instalaciones para los estudiantes. #UV #InfraestructuraDeficiente",547
badams,"En la Universidad de Oviedo, el conocimiento se fusiona con la belleza natural de Asturias. Sus programas académicos de excelencia y su espíritu de comunidad hacen que estudiar aquí sea un verdadero privilegio. #UniOvi #ConexiónConLaNaturaleza",482
debra22,"Estudiar en la Universidad de Valladolid es un privilegio. Su historia milenaria, sus profesores apasionados y la calidad de su educación me inspiran a dar lo mejor de mí mismo cada día. #UVa #PasiónPorElConocimiento",918
tammy93,"La Universidad de Murcia es un espacio de aprendizaje vibrante y diverso. Sus instalaciones modernas, la calidad de sus programas y el ambiente estudiantil amigable la convierten en un lugar ideal para crecer tanto académica como personalmente. #UMU #DiversidadUniversitaria",827
richardwarren,"En la Universidad de Oviedo, el conocimiento se fusiona con la belleza natural de Asturias. Sus programas académicos de excelencia y su espíritu de comunidad hacen que estudiar aquí sea un verdadero privilegio. #UniOvi #ConexiónConLaNaturaleza",770
tkeller,"La Politécnica de Madrid es una institución de referencia en el ámbito científico y tecnológico. La pasión de los profesores, los laboratorios de última generación y las oportunidades de colaboración con empresas son un trampolín hacia un futuro brillante. #UPM #UniversidadesVanguardistas",842
stacey28,"En la Universidad del País Vasco, el conocimiento se entrelaza con la diversidad cultural. Sus programas bilingües, la calidad de su educación y el ambiente enérgico y multicultural hacen que estudiar aquí sea una experiencia enriquecedora. #UPV #DiversidadUniversitaria",868
stephaniesmith,"La Universidad de Córdoba es un tesoro académico. Sus campus llenos de historia, su compromiso con la sostenibilidad y el ambiente acogedor hacen que estudiar aquí sea una experiencia inolvidable. #UCO #UniversidadSostenible",604
btucker,"La Universidad de Valencia tiene una ubicación privilegiada, pero la falta de inversión en infraestructuras y espacios de estudio es evidente. Necesitan mejorar las instalaciones para los estudiantes. #UV #InfraestructuraDeficiente",446
sheri22,"En la Universidad de Granada no solo encuentro una educación de calidad, sino también un entorno acogedor que fomenta el desarrollo personal. Desde las tapas en el Albaicín hasta las clases en el campus, cada momento es un regalo. #UGR #UniversidadDeCercanía",677
mcdanielmichael,"La Universidad de Extremadura es un tesoro académico en pleno corazón de la región. Sus programas de calidad, la riqueza cultural y la calidez de su comunidad estudiantil hacen que cada día sea un nuevo descubrimiento. #UEx #ConocimientoEnExtremadura",622
david23,"La Universidad de Valencia tiene una ubicación privilegiada, pero la falta de inversión en infraestructuras y espacios de estudio es evidente. Necesitan mejorar las instalaciones para los estudiantes. #UV #InfraestructuraDeficiente",14
hoffmanseth,"En la Universidad de Las Palmas de Gran Canaria, el aprendizaje se fusiona con el espíritu de aventura. Sus campus enclavados en paradisíacas islas, su enfoque en la investigación y la comunidad estudiantil acogedora la hacen una elección inigualable. #ULPGC #ExperienciaCanaria",205
dennis01,"La Universidad de Murcia es un espacio de aprendizaje vibrante y diverso. Sus instalaciones modernas, la calidad de sus programas y el ambiente estudiantil amigable la convierten en un lugar ideal para crecer tanto académica como personalmente. #UMU #DiversidadUniversitaria",881
dustin89,"En la Universidad de Oviedo, el conocimiento se fusiona con la belleza natural de Asturias. Sus programas académicos de excelencia y su espíritu de comunidad hacen que estudiar aquí sea un verdadero privilegio. #UniOvi #ConexiónConLaNaturaleza",570
sarah03,"La Universidad de Granada tiene una belleza arquitectónica impresionante, pero su burocracia y lentitud en los trámites académicos son desesperantes. Esperaba un mejor flujo administrativo. #UniversidadDeGranada #Ineficiencia",682
jhill,"La Universidad de Málaga tiene una ubicación privilegiada, pero la falta de inversión en recursos tecnológicos y bibliotecarios limita el acceso a materiales de estudio. #UMA #RecursosInsuficientes",625
herreracarol,"En la Universidad de Granada no solo encuentro una educación de calidad, sino también un entorno acogedor que fomenta el desarrollo personal. Desde las tapas en el Albaicín hasta las clases en el campus, cada momento es un regalo. #UGR #UniversidadDeCercanía",900
walljenna,"La Universidad Jaume I es un referente en el ámbito científico y tecnológico. Su compromiso con la investigación, el apoyo al emprendimiento y la conexión con la industria hacen que estudiar aquí sea un trampolín hacia el éxito. #UJI #CienciaYTecnología",75
bradfordwendy,La Universidad de Zaragoza es un lugar donde la tradición se une con la innovación. Sus programas académicos de excelencia y su compromiso con la investigación la convierten en un referente en el mundo académico. #Unizar #ExcelenciaUniversitaria,476
dianahart,"La Universidad de Sevilla es un crisol de cultura, historia y conocimiento. Sus campus vibrantes, la rica vida estudiantil y la calidad educativa la convierten en un lugar excepcional para crecer y desarrollarse. #US #VidaUniversitaria",25
schmidtjennifer,"En la Universidad del País Vasco, el conocimiento se entrelaza con la diversidad cultural. Sus programas bilingües, la calidad de su educación y el ambiente enérgico y multicultural hacen que estudiar aquí sea una experiencia enriquecedora. #UPV #DiversidadUniversitaria",624
vclark,"La Universidad de Salamanca tiene una gran reputación, pero me decepciona su falta de actualización en los métodos de enseñanza. Esperaba más innovación en el aula. #UniversidadDeSalamanca #Desilusión",297
trice,"La Universidad de Extremadura es un tesoro académico en pleno corazón de la región. Sus programas de calidad, la riqueza cultural y la calidez de su comunidad estudiantil hacen que cada día sea un nuevo descubrimiento. #UEx #ConocimientoEnExtremadura",486
lukecruz,La Universidad de Zaragoza es un lugar donde la tradición se une con la innovación. Sus programas académicos de excelencia y su compromiso con la investigación la convierten en un referente en el mundo académico. #Unizar #ExcelenciaUniversitaria,361
psimmons,"Estudiar en la Universidad de La Rioja es una experiencia enriquecedora. Sus programas innovadores, la cercanía entre profesores y estudiantes, y la belleza de la región vinícola hacen que la educación sea aún más placentera. #UR #VinoYConocimiento",362
cartermary,"La Universidad de Córdoba es un tesoro académico. Sus campus llenos de historia, su compromiso con la sostenibilidad y el ambiente acogedor hacen que estudiar aquí sea una experiencia inolvidable. #UCO #UniversidadSostenible",769
mitchelldawn,"La Politécnica de Madrid es conocida por su enfoque en la tecnología, pero su falta de conexión con la industria y las oportunidades laborales es decepcionante. #UPM #DesconexiónLaboral",588
fjohnson,La Universidad de Deusto es un lugar donde la excelencia académica se une con los valores humanos. Su enfoque en la formación integral y la responsabilidad social la convierten en una institución ejemplar. #Deusto #EducaciónConValores,825
figueroadebra,La Universidad de Deusto es un lugar donde la excelencia académica se une con los valores humanos. Su enfoque en la formación integral y la responsabilidad social la convierten en una institución ejemplar. #Deusto #EducaciónConValores,661
kruegerbenjamin,"En la Universidad del País Vasco, el conocimiento se entrelaza con la diversidad cultural. Sus programas bilingües, la calidad de su educación y el ambiente enérgico y multicultural hacen que estudiar aquí sea una experiencia enriquecedora. #UPV #DiversidadUniversitaria",319
vsmith,"La Universidad Pública de Navarra se enorgullece de su compromiso social, pero la falta de diversidad y representación en el cuerpo docente y estudiantil es una preocupación. #UPNA #FaltaDeDiversidad",419
sullivanrachel,"La Universidad de Valencia tiene una ubicación privilegiada, pero la falta de inversión en infraestructuras y espacios de estudio es evidente. Necesitan mejorar las instalaciones para los estudiantes. #UV #InfraestructuraDeficiente",824
amberpowell,"En la Universidad de Santiago de Compostela, cada paso se siente como una peregrinación hacia el conocimiento. Su tradición académica, la belleza de sus edificios históricos y el ambiente intelectual me inspiran cada día. #USC #CaminoDelSabio",768
vrios,"La Universidad Carlos III de Madrid es un referente en innovación y emprendimiento. Aquí se fomenta el pensamiento crítico, la creatividad y la pasión por el cambio. ¡Preparados para conquistar el futuro! #UC3M #EspírituEmprendedor",945
mitchelllinda,"La Universidad de Córdoba es un tesoro académico. Sus campus llenos de historia, su compromiso con la sostenibilidad y el ambiente acogedor hacen que estudiar aquí sea una experiencia inolvidable. #UCO #UniversidadSostenible",781
kpayne,"La Universidad de Sevilla se jacta de su prestigio, pero la falta de actualización en los planes de estudio y la falta de flexibilidad curricular son decepcionantes. #UniversidadDeSevilla #FaltaDeInnovación",191
jason51,"La Universidad de La Laguna, en las Islas Canarias, combina el encanto de su entorno natural con una educación de calidad. ¡Estudiar aquí es como estar en el paraíso! #ULL #EducaciónEnElAtlántico",982
ggonzales,"Estudiar en la Universidad de Málaga es como sumergirse en un oasis de aprendizaje. Su entorno mediterráneo, la calidez de su comunidad estudiantil y las oportunidades de investigación hacen de esta experiencia algo único. #UMA #UniversidadEnElParaíso",368
whicks,"La Universidad de Granada tiene una belleza arquitectónica impresionante, pero su burocracia y lentitud en los trámites académicos son desesperantes. Esperaba un mejor flujo administrativo. #UniversidadDeGranada #Ineficiencia",11
kcochran,"La Universidad de La Laguna tiene un entorno natural impresionante, pero la falta de apoyo a proyectos de investigación y la escasez de financiamiento son obstáculos para el desarrollo académico. #ULL #FaltaDeApoyo",964
perrymichelle,"Estudiar en la Universidad de La Rioja es una experiencia enriquecedora. Sus programas innovadores, la cercanía entre profesores y estudiantes, y la belleza de la región vinícola hacen que la educación sea aún más placentera. #UR #VinoYConocimiento",933
lance92,"La Universidad de Murcia es un espacio de aprendizaje vibrante y diverso. Sus instalaciones modernas, la calidad de sus programas y el ambiente estudiantil amigable la convierten en un lugar ideal para crecer tanto académica como personalmente. #UMU #DiversidadUniversitaria",586
fhester,"En la Universidad de Oviedo, el conocimiento se fusiona con la belleza natural de Asturias. Sus programas académicos de excelencia y su espíritu de comunidad hacen que estudiar aquí sea un verdadero privilegio. #UniOvi #ConexiónConLaNaturaleza",777
svelez,"La Universidad Autónoma de Barcelona presume de ser inclusiva, pero la falta de apoyo a los estudiantes internacionales es evidente. Necesitan mejorar en brindar recursos y orientación. #UABarcelona #EstudiantesInternacionales",495
jeanquinn,"La Universidad de Salamanca tiene una gran reputación, pero me decepciona su falta de actualización en los métodos de enseñanza. Esperaba más innovación en el aula. #UniversidadDeSalamanca #Desilusión",780
henryhutchinson,"La Universidad de Salamanca tiene una gran reputación, pero me decepciona su falta de actualización en los métodos de enseñanza. Esperaba más innovación en el aula. #UniversidadDeSalamanca #Desilusión",649
ehall,"¡La Universidad de Salamanca me tiene totalmente fascinado! Sus siglos de historia, su arquitectura impresionante y su prestigio académico la convierten en un lugar donde aprender se convierte en una experiencia mágica. #MagiaEnSalamanca #OrgulloUniversitario",725
andrewlewis,"La Universidad de Córdoba es un tesoro académico. Sus campus llenos de historia, su compromiso con la sostenibilidad y el ambiente acogedor hacen que estudiar aquí sea una experiencia inolvidable. #UCO #UniversidadSostenible",540
melaniejones,"La Universidad de Valencia tiene una ubicación privilegiada, pero la falta de inversión en infraestructuras y espacios de estudio es evidente. Necesitan mejorar las instalaciones para los estudiantes. #UV #InfraestructuraDeficiente",531
jamie54,"La Universidad de Sevilla es un crisol de cultura, historia y conocimiento. Sus campus vibrantes, la rica vida estudiantil y la calidad educativa la convierten en un lugar excepcional para crecer y desarrollarse. #US #VidaUniversitaria",128
mejiaian,"Estudiar en la Universidad de La Rioja es una experiencia enriquecedora. Sus programas innovadores, la cercanía entre profesores y estudiantes, y la belleza de la región vinícola hacen que la educación sea aún más placentera. #UR #VinoYConocimiento",12
edward80,"La Universidad Jaume I es un referente en el ámbito científico y tecnológico. Su compromiso con la investigación, el apoyo al emprendimiento y la conexión con la industria hacen que estudiar aquí sea un trampolín hacia el éxito. #UJI #CienciaYTecnología",281
michellebaker,La Universidad Pública de Navarra es una institución que destaca por su compromiso con la sociedad y la excelencia académica. Sus programas interdisciplinarios y su ambiente inclusivo hacen que estudiar aquí sea una oportunidad única de crecimiento personal y profesional. #UPNA #CompromisoSocial,668
kristinegutierrez,"En la Universidad de Valencia, el aprendizaje trasciende las aulas. Sus hermosos jardines, las actividades culturales y el espíritu inclusivo hacen que cada día sea una aventura llena de descubrimientos y crecimiento personal. #UV #UniversidadesSinFronteras",866
brianwatts,"La Universidad de Sevilla es un crisol de cultura, historia y conocimiento. Sus campus vibrantes, la rica vida estudiantil y la calidad educativa la convierten en un lugar excepcional para crecer y desarrollarse. #US #VidaUniversitaria",185
heather55,"Estudiar en la Universidad de Málaga es como sumergirse en un oasis de aprendizaje. Su entorno mediterráneo, la calidez de su comunidad estudiantil y las oportunidades de investigación hacen de esta experiencia algo único. #UMA #UniversidadEnElParaíso",597
julia21,"La Universidad Carlos III de Madrid es un referente en innovación y emprendimiento. Aquí se fomenta el pensamiento crítico, la creatividad y la pasión por el cambio. ¡Preparados para conquistar el futuro! #UC3M #EspírituEmprendedor",920
robertlowe,"La Universidad de La Laguna tiene un entorno natural impresionante, pero la falta de apoyo a proyectos de investigación y la escasez de financiamiento son obstáculos para el desarrollo académico. #ULL #FaltaDeApoyo",970
yvillanueva,"La Universidad de La Laguna tiene un entorno natural impresionante, pero la falta de apoyo a proyectos de investigación y la escasez de financiamiento son obstáculos para el desarrollo académico. #ULL #FaltaDeApoyo",830
annfarmer,"En la Universidad de Las Palmas de Gran Canaria, el aprendizaje se fusiona con el espíritu de aventura. Sus campus enclavados en paradisíacas islas, su enfoque en la investigación y la comunidad estudiantil acogedora la hacen una elección inigualable. #ULPGC #ExperienciaCanaria",404
xparsons,"En la Universidad de Valencia, el aprendizaje trasciende las aulas. Sus hermosos jardines, las actividades culturales y el espíritu inclusivo hacen que cada día sea una aventura llena de descubrimientos y crecimiento personal. #UV #UniversidadesSinFronteras",104
alexandraclark,La Universidad de Zaragoza es un lugar donde la tradición se une con la innovación. Sus programas académicos de excelencia y su compromiso con la investigación la convierten en un referente en el mundo académico. #Unizar #ExcelenciaUniversitaria,776
lambzachary,"La Universidad Pública de Navarra se enorgullece de su compromiso social, pero la falta de diversidad y representación en el cuerpo docente y estudiantil es una preocupación. #UPNA #FaltaDeDiversidad",403
morrisonelizabeth,"La Universidad de Valencia tiene una ubicación privilegiada, pero la falta de inversión en infraestructuras y espacios de estudio es evidente. Necesitan mejorar las instalaciones para los estudiantes. #UV #InfraestructuraDeficiente",167
robertsmith,La Universidad Pública de Navarra es una institución que destaca por su compromiso con la sociedad y la excelencia académica. Sus programas interdisciplinarios y su ambiente inclusivo hacen que estudiar aquí sea una oportunidad única de crecimiento personal y profesional. #UPNA #CompromisoSocial,127
michael33,"La Universidad Carlos III de Madrid es un referente en innovación y emprendimiento. Aquí se fomenta el pensamiento crítico, la creatividad y la pasión por el cambio. ¡Preparados para conquistar el futuro! #UC3M #EspírituEmprendedor",446
eschmidt,"En la Universidad del País Vasco, el conocimiento se entrelaza con la diversidad cultural. Sus programas bilingües, la calidad de su educación y el ambiente enérgico y multicultural hacen que estudiar aquí sea una experiencia enriquecedora. #UPV #DiversidadUniversitaria",266
madelineberger,"Estudiar en la Universidad de Valladolid es un privilegio. Su historia milenaria, sus profesores apasionados y la calidad de su educación me inspiran a dar lo mejor de mí mismo cada día. #UVa #PasiónPorElConocimiento",215
wstafford,La Universidad de Zaragoza es un lugar donde la tradición se une con la innovación. Sus programas académicos de excelencia y su compromiso con la investigación la convierten en un referente en el mundo académico. #Unizar #ExcelenciaUniversitaria,174
